{"cameraMode":{"drawMode":0,"name":"Shaded","section":"Shading Mode"},"sceneLighting":true,"audioPlay":false,"sceneViewState":{"m_AlwaysRefresh":false,"showFog":true,"showSkybox":true,"showFlares":true,"showImageEffects":true,"showParticleSystems":true,"showVisualEffectGraphs":true,"m_FxEnabled":true},"in2DMode":false,"pivot":{"x":68.47100830078125,"y":23.00560188293457,"z":30.846586227416993},"rotation":{"x":0.0013169931480661035,"y":0.8723227977752686,"z":0.002346681198105216,"w":-0.4889547824859619},"size":6.310063362121582,"orthographic":false}